{"BLOCK_GROUP":[{"BLOCK_GROUP_COLOR":4287192817,"BLOCK_GROUP_NAME":"GROUP_0","BLOCK_GROUP_POINT":[{"BLOCK_POINT_X":186.827728271484,"BLOCK_POINT_Y":128.0,"BLOCK_POINT_Z":86.4685974121094},{"BLOCK_POINT_X":124.282913208008,"BLOCK_POINT_Y":128.0,"BLOCK_POINT_Z":85.1631469726563}]}],"skybox":{"key":"MidNight.dds"},"texture":{"tex1":{"density":10.0,"key":"Soil.jpg"},"tex2":{"density":10.0,"key":"Grass.jpg"},"tex3":{"density":10.0,"key":"Stone.jpg"}},"water":{"enable":false,"frequency":7.0,"height":128.0,"heightspeed":2.40000009536743,"tex":"NONE","transparent":0.600000023841858,"uvspeed":0.00999999977648258,"waveheight":0.600000023841858}}